{
    "localizedName": "Verticalizer",
    "description": "[blue]The defender of the Vertical core. Equipped with laser weapons and a shield to help it defend its core.",
    "type": "legs",
	"speed": 1.2,
	"hitSize": 25,
	"health": 1160,
	"isCounted": false,
    "mineSpeed": 12,
    "buildSpeed": 4,
    "mineTier": 5,
    "itemCapacity": 150,
	"armor": 8,
	"faceTarget": true,
	"range": 180,
	"targetAir": true,
	"legCount": 6,
	"legLength": 13,
	"legTrns": 0.8,
	"legMoveSpace": 1.4,
	"legBaseOffset": 2,
	"hovering": true,
	"rotateSpeed": 3,
	"immunities": [
		"burning", 
		"melting",
		"freezing"
	],
	"weapons": [
	    {
    "name": "laserbolt",
    "reload": 65,
    "alternate": true,
    "mirror": true,
    "x": 0,
    "y": 2,
    "shootY": 7,
    "recoil": 1.5,
    "shake": 1,
    "rotate": true,
    "shootSound": "laser",
    "rotateSpeed": 10,
    "shootCone": 45,
			"bullet": {
              "type": "LaserBulletType",
              "length": 175,
              "width": 20,
              "damage": 140,
              "status": "blasted",
              "statusDuration": 15,
              "hitColor": "A9D8FFFF",
              "shootEffect": "lightningShoot",
              "hitEffect": "lightningShoot",
              "colors": ["66B1FFFF", "A9D8FFFF", "FFFFFF"],
              "sideAngle": 25,
              "sideLength": 32,
              "sideWidth": 1
			}
		}
     ],
    "abilities": [
        {
            "type": "mindustry.entities.abilities.ForceFieldAbility",
            "radius": 100,
            "regen": 2,
            "max": 500,
            "cooldown": 20
            }
        ]
}
