{
    "type": "ItemTurret",
    "description": "This machinegun is crazy",
    "localizedName": "Multi Machine Gun",
    "size": 5,
    "health": 2990,
    "reload": 11,
    "maxAmmo": 100,
    "range": 400,
    "inaccuracy": 0,
    "shots": 1,
    "targetAir": true,
    "targetGround": true,
    "recoilAmount": 1.5,
    "restitution": 0.06,
    "rotateSpeed": 2,
    "shootSound": "shootBig",
    "ammoUseEffect": "casing3Double",
    "ammoTypes": {
        "sand": {
            "shootEffect": "shootBig",
            "lifetime": 90,
            "reloadMultiplier": 10,
            "width": 10,
            "height": 14,
            "damage": 2,
            "splashDamage": 4,
            "splashDamageRadius": 16,
            "ammoMultiplier": 2,
            "speed": 5
        },
        "copper": {
            "shootEffect": "shootBig",
            "lifetime": 90,
            "width": 10,
            "height": 14,
            "damage": 30,
            "pierce": true,
            "pierceCap": 3,
            "ammoMultiplier": 3,
            "speed": 5
        },
        "thorium": {
            "shootEffect": "shootBig",
            "lifetime": 90,
            "width": 10,
            "height": 14,
            "damage": 100,
            "pierce": true,
            "pierceCap": 3,
            "ammoMultiplier": 3,
            "speed": 5
        }
    },
    "requirements": [
        "copper/1500",
        "diamond-alloy/50",
        "silicon/1000",
        "thorium/3000",
        "surge-alloy/700",
        "lead/1200"
    ],
    "category": "turret",
	"research": "meltdown"
}